<?xml version="1.0" encoding="UTF-8"?>
<!DOCTYPE mapper
        PUBLIC "-//mybatis.org//DTD Mapper 3.0//EN"
        "http://mybatis.org/dtd/mybatis-3-mapper.dtd">
<mapper namespace="dev.wanheng.springbootlibrary.mapper.UserMapper">

    <resultMap id="BaseResultMap" type="dev.wanheng.springbootlibrary.entity.User">
            <id property="id" column="id" jdbcType="BIGINT"/>
            <result property="username" column="username" jdbcType="VARCHAR"/>
            <result property="nickName" column="nick_name" jdbcType="VARCHAR"/>
            <result property="password" column="password" jdbcType="VARCHAR"/>
            <result property="role" column="role" jdbcType="VARCHAR"/>
            <result property="email" column="email" jdbcType="VARCHAR"/>
            <result property="phone" column="phone" jdbcType="VARCHAR"/>
            <result property="address" column="address" jdbcType="VARCHAR"/>
            <result property="createdAt" column="created_at" jdbcType="TIMESTAMP"/>
            <result property="updatedAt" column="updated_at" jdbcType="TIMESTAMP"/>
    </resultMap>

    <sql id="Base_Column_List">
        id,username,nick_name, password,
        role,email,phone,
        address,created_at,updated_at
    </sql>
    <select id="findOneByUsername" resultMap="BaseResultMap">
        select
        <include refid="Base_Column_List"/>
        from user
        where
        username = #{username,jdbcType=VARCHAR}
    </select>
</mapper>
